name,id,age,gender,place,country,email,phone
Rotraud Schöner,71 211048 S 558,75,female,"Hirschberg, Hessen",Germany,rotraud.schoner@example.com,0128-1663008
Evelien Bodelier,78398835,30,female,"Sint-Michielsgestel, Noord-Holland",Netherlands,evelien.bodelier@example.com,(008) 5721216
Dunja Nikolić,618609968,57,female,"Velika Plana, Prizren",Serbia,dunja.nikolic@example.com,031-3932-721
Annette Andrews,059-20-9364,58,female,"Chesapeake, Connecticut",United States,annette.andrews@example.com,(393) 268-3827
Melissa Sedlmeier,77 030552 S 518,72,female,"Riesa-Großenhain, Mecklenburg-Vorpommern",Germany,melissa.sedlmeier@example.com,0257-9598112
Emilie Kowalski,526082292,52,female,"Chipman, New Brunswick",Canada,emilie.kowalski@example.com,Z54 D57-3387
Zvenigora Baley,,64,female,"Stebnik, Hmelnicka",Ukraine,zvenigora.baley@example.com,(067) Z81-7674
Sarah Wright,HJ 16 89 16 R,48,female,"Carlisle, Wiltshire",United Kingdom,sarah.wright@example.com,016977 2665
Félix Aguilar,37128527-F,28,male,"Móstoles, Islas Baleares",Spain,felix.aguilar@example.com,992-561-848
Živan Blažić,664200878,57,male,"Velika Plana, Kosovska Mitrovica",Serbia,zivan.blazic@example.com,034-9046-221
Annette Andrews,059-20-9364,58,female,"Chesapeake, Connecticut",United States,annette.andrews@example.com,(393) 268-3827
Melissa Sedlmeier,77 030552 S 518,72,female,"Riesa-Großenhain, Mecklenburg-Vorpommern",Germany,melissa.sedlmeier@example.com,0257-9598112
Emilie Kowalski,526082292,52,female,"Chipman, New Brunswick",Canada,emilie.kowalski@example.com,Z54 D57-3387
Zvenigora Baley,,64,female,"Stebnik, Hmelnicka",Ukraine,zvenigora.baley@example.com,(067) Z81-7674
Félix Aguilar,37128527-F,28,male,"Móstoles, Islas Baleares",Spain,felix.aguilar@example.com,992-561-848
Rotraud Schöner,71 211048 S 558,75,female,"Hirschberg, Hessen",Germany,rotraud.schoner@example.com,0128-1663008
Dunja Nikolić,618609968,57,female,"Velika Plana, Prizren",Serbia,dunja.nikolic@example.com,031-3932-721
یاسمین رضایی,,52,female,"اهواز, یزد",Iran,ysmyn.rdyy@example.com,003-44572052
Evelien Bodelier,78398835,30,female,"Sint-Michielsgestel, Noord-Holland",Netherlands,evelien.bodelier@example.com,(008) 5721216
Sarah Wright,HJ 16 89 16 R,48,female,"Carlisle, Wiltshire",United Kingdom,sarah.wright@example.com,016977 2665
یاسمین رضایی,,52,female,"اهواز, یزد",Iran,ysmyn.rdyy@example.com,003-44572052
Annette Andrews,059-20-9364,58,female,"Chesapeake, Connecticut",United States,annette.andrews@example.com,(393) 268-3827
Melissa Sedlmeier,77 030552 S 518,72,female,"Riesa-Großenhain, Mecklenburg-Vorpommern",Germany,melissa.sedlmeier@example.com,0257-9598112
Emilie Kowalski,526082292,52,female,"Chipman, New Brunswick",Canada,emilie.kowalski@example.com,Z54 D57-3387
Zvenigora Baley,,64,female,"Stebnik, Hmelnicka",Ukraine,zvenigora.baley@example.com,(067) Z81-7674
Félix Aguilar,37128527-F,28,male,"Móstoles, Islas Baleares",Spain,felix.aguilar@example.com,992-561-848
Živan Blažić,664200878,57,male,"Velika Plana, Kosovska Mitrovica",Serbia,zivan.blazic@example.com,034-9046-221
